{
  "game": "minecraft",
  "formatVersion": 1,
  "versionId": "1.0.0",
  "name": "1.21.8-Fabric 0.17.2",
  "summary": "1.21.8, Fabric 0.17.2",
  "files": [
    {
      "path": "mods/Controlling-fabric-1.21.8-26.0.3.jar",
      "hashes": {
        "sha1": "f07bf0fe10c6c72be971c489547558de005cf597",
        "sha512": "e1a4779633f0967243b60253b99aa3f91f1c97edd8ffe6883b5491acc2be847833aa94aef6970e293a42d50033304f931a0e1c86939bc7fe9b0e620671d76c8c"
      },
      "downloads": [
        "https://cdn.modrinth.com/data/xv94TkTM/versions/15AHrwi3/Controlling-fabric-1.21.8-26.0.3.jar",
        "https://mediafilez.forgecdn.net/files/6898/845/Controlling-fabric-1.21.8-26.0.3.jar",
        "https://edge.forgecdn.net/files/6898/845/Controlling-fabric-1.21.8-26.0.3.jar"
      ],
      "fileSize": 84197
    },
    {
      "path": "mods/fabric-api-0.132.0+1.21.8.jar",
      "hashes": {
        "sha1": "44c4a6479b5a40fa960a596d6320d98c39a11253",
        "sha512": "af781f8e06b1fff86c0b7055c9e696552555d5fbc71298447f816689756fe598b2ced182fbf6687c9457472352118e5052fa66de116e7a818584fd8f6e523a7d"
      },
      "downloads": [
        "https://cdn.modrinth.com/data/P7dR8mSH/versions/jjBL6OsN/fabric-api-0.132.0%2B1.21.8.jar",
        "https://mediafilez.forgecdn.net/files/6896/324/fabric-api-0.132.0%2b1.21.8.jar",
        "https://edge.forgecdn.net/files/6896/324/fabric-api-0.132.0%2b1.21.8.jar"
      ],
      "fileSize": 2238792
    },
    {
      "path": "mods/Searchables-fabric-1.21.8-1.0.2.jar",
      "hashes": {
        "sha1": "235f5a429e3dc9e26841ec0afe23bb6657d52553",
        "sha512": "01599b0d43b65813cbb1f2f68c38eb75fe2efd0db07e9cd3be4e233207cd721db917b6026fc5f41756c49d3e39c85c918b798176aee1bc93258f29b7faf769a2"
      },
      "downloads": [
        "https://cdn.modrinth.com/data/fuuu3xnx/versions/LLzPBiwT/Searchables-fabric-1.21.8-1.0.2.jar",
        "https://mediafilez.forgecdn.net/files/6898/308/Searchables-fabric-1.21.8-1.0.2.jar",
        "https://edge.forgecdn.net/files/6898/308/Searchables-fabric-1.21.8-1.0.2.jar"
      ],
      "fileSize": 79921
    },
    {
      "path": "mods/sodium-fabric-0.6.13+mc1.21.6.jar",
      "hashes": {
        "sha1": "2d635c3d938aa3f75b0ec61c7402eeea2f9c30a9",
        "sha512": "ee97e3df07a6f734bc8a0f77c1f1de7f47bed09cf682f048ceb12675c51b70ba727b11fcacbb7b10cc9f79b283dd71a39751312b5c70568aa3ac9471407174db"
      },
      "downloads": [
        "https://cdn.modrinth.com/data/AANobbMI/versions/ND4ROcMQ/sodium-fabric-0.6.13%2Bmc1.21.6.jar",
        "https://mediafilez.forgecdn.net/files/6661/395/sodium-fabric-0.6.13%2bmc1.21.6.jar",
        "https://edge.forgecdn.net/files/6661/395/sodium-fabric-0.6.13%2bmc1.21.6.jar"
      ],
      "fileSize": 1443665
    },
    {
      "path": "resourcepacks/Bare Bones 1.21.7.zip",
      "hashes": {
        "sha1": "ae36e9e5cce8c02197f1f41fa1e4b6a6d01ad7e7",
        "sha512": "9352d872552f7b6b60f48318322763273c244041e9894ea4dcf76fd84ccc1d29d369dc5237733fefe721fdf49af6030165c5df77d273cb06fe7ecf3555fbae58"
      },
      "downloads": [
        "https://cdn.modrinth.com/data/rox3U8B6/versions/sZROMthE/Bare%20Bones%201.21.7.zip",
        "https://mediafilez.forgecdn.net/files/6748/20/Bare%20Bones%201.21.7.zip",
        "https://edge.forgecdn.net/files/6748/20/Bare%20Bones%201.21.7.zip"
      ],
      "fileSize": 10266780
    },
    {
      "path": "resourcepacks/FreshAnimations_v1.10.zip",
      "hashes": {
        "sha1": "e89d70039245a248d702189dbf6d1b7aedcee638",
        "sha512": "afb101504da975fb96dd2ef99741dd1198a7c643e53801d71b5e662adfd70118d9ff64fab8eb0af2d00e11ec20faefe4dd24379384dcb70cebd757c662c946f0"
      },
      "downloads": [
        "https://cdn.modrinth.com/data/50dA9Sha/versions/3s2JmLwU/FreshAnimations_v1.10.zip",
        "https://mediafilez.forgecdn.net/files/6892/592/FreshAnimations_v1.10.zip",
        "https://edge.forgecdn.net/files/6892/592/FreshAnimations_v1.10.zip"
      ],
      "fileSize": 692641
    },
    {
      "path": "shaderpacks/ComplementaryReimagined_r5.5.1.zip",
      "hashes": {
        "sha1": "c9f1724fbe77e1d36afab9612b4aaac693bc84e4",
        "sha512": "e3168c3e8b9a59e70dbc7dd27931d8b245e5b16b093c87f1dccd01edc3a8be0fb14153fe8175e822ea6463ac0d715de377d186455580915c6f9d98c02b39194f"
      },
      "downloads": [
        "https://cdn.modrinth.com/data/HVnmMxH1/versions/sAAjYvFB/ComplementaryReimagined_r5.5.1.zip",
        "https://mediafilez.forgecdn.net/files/6515/577/ComplementaryReimagined_r5.5.1.zip",
        "https://edge.forgecdn.net/files/6515/577/ComplementaryReimagined_r5.5.1.zip"
      ],
      "fileSize": 456328
    }
  ],
  "dependencies": {
    "minecraft": "1.21.8",
    "fabric-loader": "0.17.2"
  }
}